<keymap version="1" name="Windows copy" parent="$default">
  <action id="ChangesView.GroupBy.Directory" />
  <action id="EditorCodeBlockEnd" />
  <action id="EditorCodeBlockStart" />
  <action id="EditorIndentLineOrSelection">
    <keyboard-shortcut first-keystroke="ctrl close_bracket" />
  </action>
  <action id="EditorUnindentSelection">
    <keyboard-shortcut first-keystroke="ctrl open_bracket" />
  </action>
  <action id="FileChooser.TogglePathShowing" />
  <action id="FindNext">
    <keyboard-shortcut first-keystroke="f3" />
  </action>
  <action id="GotoClass">
    <keyboard-shortcut first-keystroke="ctrl o" />
  </action>
  <action id="GotoFile">
    <keyboard-shortcut first-keystroke="ctrl p" />
  </action>
  <action id="GotoLine" />
  <action id="GotoSymbol">
    <keyboard-shortcut first-keystroke="ctrl alt p" />
  </action>
  <action id="IntroduceParameter" />
  <action id="NextSplitter">
    <keyboard-shortcut first-keystroke="f14" />
  </action>
  <action id="OverrideMethods" />
  <action id="ParameterInfo" />
  <action id="PrevSplitter">
    <keyboard-shortcut first-keystroke="f13" />
  </action>
  <action id="Refactorings.QuickListPopupAction">
    <keyboard-shortcut first-keystroke="shift ctrl alt t" />
    <keyboard-shortcut first-keystroke="ctrl r" />
  </action>
  <action id="Replace">
    <keyboard-shortcut first-keystroke="ctrl alt r" />
  </action>
  <action id="SelectNextOccurrence">
    <keyboard-shortcut first-keystroke="ctrl g" />
  </action>
  <action id="ServiceView.GroupByServiceGroups" />
  <action id="SplitHorizontally">
    <keyboard-shortcut first-keystroke="ctrl alt page_down" />
  </action>
  <action id="SplitVertically">
    <keyboard-shortcut first-keystroke="ctrl alt end" />
  </action>
  <action id="TodoViewGroupByShowPackages" />
  <action id="UsageGrouping.Directory" />
  <action id="org.intellij.plugins.markdown.ui.actions.editorLayout.CyclicSplitLayoutChangeAction" />
</keymap>